starttime	seconds	ctime	dtime	ttime	wait
Thu Oct 17 14:58:02 2024	1729191482	1	3	4	3
Thu Oct 17 14:58:02 2024	1729191482	1	3	4	3
Thu Oct 17 14:58:02 2024	1729191482	1	3	4	3
Thu Oct 17 14:58:02 2024	1729191482	0	4	4	4
Thu Oct 17 14:58:02 2024	1729191482	1	3	4	3
Thu Oct 17 14:58:02 2024	1729191482	1	4	4	3
Thu Oct 17 14:58:02 2024	1729191482	0	4	4	4
Thu Oct 17 14:58:02 2024	1729191482	0	4	4	4
Thu Oct 17 14:58:02 2024	1729191482	1	3	4	3
Thu Oct 17 14:58:02 2024	1729191482	0	4	4	4
Thu Oct 17 14:58:02 2024	1729191482	0	4	4	4
Thu Oct 17 14:58:02 2024	1729191482	1	4	5	4
Thu Oct 17 14:58:02 2024	1729191482	0	4	5	4
Thu Oct 17 14:58:02 2024	1729191482	0	4	5	4
Thu Oct 17 14:58:02 2024	1729191482	0	4	5	4
Thu Oct 17 14:58:02 2024	1729191482	0	4	5	4
Thu Oct 17 14:58:02 2024	1729191482	1	4	5	4
Thu Oct 17 14:58:02 2024	1729191482	0	4	5	4
Thu Oct 17 14:58:02 2024	1729191482	0	5	5	4
Thu Oct 17 14:58:02 2024	1729191482	1	4	5	4
Thu Oct 17 14:58:02 2024	1729191482	0	5	5	5
Thu Oct 17 14:58:02 2024	1729191482	0	5	5	5
Thu Oct 17 14:58:02 2024	1729191482	0	4	5	4
Thu Oct 17 14:58:02 2024	1729191482	1	4	5	3
Thu Oct 17 14:58:02 2024	1729191482	0	5	5	5
Thu Oct 17 14:58:02 2024	1729191482	0	5	5	5
Thu Oct 17 14:58:02 2024	1729191482	0	5	5	5
Thu Oct 17 14:58:02 2024	1729191482	1	4	5	4
Thu Oct 17 14:58:02 2024	1729191482	0	5	5	4
Thu Oct 17 14:58:02 2024	1729191482	1	4	5	3
Thu Oct 17 14:58:02 2024	1729191482	0	5	5	4
Thu Oct 17 14:58:02 2024	1729191482	0	5	5	4
Thu Oct 17 14:58:02 2024	1729191482	1	4	5	4
Thu Oct 17 14:58:02 2024	1729191482	1	4	5	4
Thu Oct 17 14:58:02 2024	1729191482	1	4	5	4
Thu Oct 17 14:58:02 2024	1729191482	0	5	5	5
Thu Oct 17 14:58:02 2024	1729191482	0	5	5	4
Thu Oct 17 14:58:02 2024	1729191482	0	5	5	4
Thu Oct 17 14:58:02 2024	1729191482	1	4	5	4
Thu Oct 17 14:58:02 2024	1729191482	0	5	5	5
Thu Oct 17 14:58:02 2024	1729191482	0	5	5	4
Thu Oct 17 14:58:02 2024	1729191482	0	5	5	4
Thu Oct 17 14:58:02 2024	1729191482	1	4	5	4
Thu Oct 17 14:58:02 2024	1729191482	1	4	5	4
Thu Oct 17 14:58:02 2024	1729191482	0	5	5	5
Thu Oct 17 14:58:02 2024	1729191482	0	5	5	5
Thu Oct 17 14:58:02 2024	1729191482	1	4	5	4
Thu Oct 17 14:58:02 2024	1729191482	0	5	5	5
Thu Oct 17 14:58:02 2024	1729191482	0	5	5	5
Thu Oct 17 14:58:02 2024	1729191482	0	5	5	5
Thu Oct 17 14:58:02 2024	1729191482	0	5	5	5
Thu Oct 17 14:58:02 2024	1729191482	0	5	5	5
Thu Oct 17 14:58:02 2024	1729191482	1	5	5	4
Thu Oct 17 14:58:02 2024	1729191482	0	5	5	5
Thu Oct 17 14:58:02 2024	1729191482	0	5	5	4
Thu Oct 17 14:58:02 2024	1729191482	0	5	5	5
Thu Oct 17 14:58:02 2024	1729191482	1	5	5	4
Thu Oct 17 14:58:02 2024	1729191482	0	5	5	4
Thu Oct 17 14:58:02 2024	1729191482	0	5	5	5
Thu Oct 17 14:58:02 2024	1729191482	0	5	5	5
Thu Oct 17 14:58:02 2024	1729191482	0	5	5	5
Thu Oct 17 14:58:02 2024	1729191482	0	5	5	4
Thu Oct 17 14:58:02 2024	1729191482	0	5	5	5
Thu Oct 17 14:58:02 2024	1729191482	1	4	5	4
Thu Oct 17 14:58:02 2024	1729191482	0	5	5	4
Thu Oct 17 14:58:02 2024	1729191482	0	5	5	5
Thu Oct 17 14:58:02 2024	1729191482	1	5	5	4
Thu Oct 17 14:58:02 2024	1729191482	0	5	5	5
Thu Oct 17 14:58:02 2024	1729191482	0	5	5	5
Thu Oct 17 14:58:02 2024	1729191482	0	5	5	5
Thu Oct 17 14:58:02 2024	1729191482	0	5	5	5
Thu Oct 17 14:58:02 2024	1729191482	1	5	5	4
Thu Oct 17 14:58:02 2024	1729191482	0	5	5	5
Thu Oct 17 14:58:02 2024	1729191482	0	5	5	5
Thu Oct 17 14:58:02 2024	1729191482	1	5	5	5
Thu Oct 17 14:58:02 2024	1729191482	0	5	5	5
Thu Oct 17 14:58:02 2024	1729191482	0	5	5	5
Thu Oct 17 14:58:02 2024	1729191482	0	5	5	5
Thu Oct 17 14:58:02 2024	1729191482	0	5	5	5
Thu Oct 17 14:58:02 2024	1729191482	0	5	5	5
Thu Oct 17 14:58:02 2024	1729191482	1	5	5	4
Thu Oct 17 14:58:02 2024	1729191482	0	5	5	5
Thu Oct 17 14:58:02 2024	1729191482	0	5	5	5
Thu Oct 17 14:58:02 2024	1729191482	0	5	5	5
Thu Oct 17 14:58:02 2024	1729191482	1	5	5	4
Thu Oct 17 14:58:02 2024	1729191482	0	5	5	5
Thu Oct 17 14:58:02 2024	1729191482	0	5	5	5
Thu Oct 17 14:58:02 2024	1729191482	0	5	5	5
Thu Oct 17 14:58:02 2024	1729191482	0	5	5	5
Thu Oct 17 14:58:02 2024	1729191482	0	5	5	5
Thu Oct 17 14:58:02 2024	1729191482	0	5	5	5
Thu Oct 17 14:58:02 2024	1729191482	0	5	5	5
Thu Oct 17 14:58:02 2024	1729191482	0	5	5	5
Thu Oct 17 14:58:02 2024	1729191482	0	5	5	5
Thu Oct 17 14:58:02 2024	1729191482	0	5	6	5
Thu Oct 17 14:58:02 2024	1729191482	0	5	6	5
Thu Oct 17 14:58:02 2024	1729191482	0	5	6	5
Thu Oct 17 14:58:02 2024	1729191482	1	5	6	5
Thu Oct 17 14:58:02 2024	1729191482	0	5	6	5
Thu Oct 17 14:58:02 2024	1729191482	1	4	6	4
Thu Oct 17 14:58:02 2024	1729191482	0	5	6	5
Thu Oct 17 14:58:02 2024	1729191482	0	5	6	5
Thu Oct 17 14:58:02 2024	1729191482	0	5	6	5
Thu Oct 17 14:58:02 2024	1729191482	0	6	6	5
Thu Oct 17 14:58:02 2024	1729191482	1	5	6	5
Thu Oct 17 14:58:02 2024	1729191482	1	5	6	4
Thu Oct 17 14:58:02 2024	1729191482	0	6	6	5
Thu Oct 17 14:58:02 2024	1729191482	0	5	6	5
Thu Oct 17 14:58:02 2024	1729191482	0	5	6	5
Thu Oct 17 14:58:02 2024	1729191482	0	6	6	5
Thu Oct 17 14:58:02 2024	1729191482	0	6	6	6
Thu Oct 17 14:58:02 2024	1729191482	0	6	6	5
Thu Oct 17 14:58:02 2024	1729191482	0	5	6	5
Thu Oct 17 14:58:02 2024	1729191482	1	5	6	5
Thu Oct 17 14:58:02 2024	1729191482	0	5	6	5
Thu Oct 17 14:58:02 2024	1729191482	0	6	6	6
Thu Oct 17 14:58:02 2024	1729191482	0	5	6	5
Thu Oct 17 14:58:02 2024	1729191482	0	5	6	5
Thu Oct 17 14:58:02 2024	1729191482	0	6	6	5
Thu Oct 17 14:58:02 2024	1729191482	0	6	6	5
Thu Oct 17 14:58:02 2024	1729191482	0	6	6	5
Thu Oct 17 14:58:02 2024	1729191482	0	6	6	6
Thu Oct 17 14:58:02 2024	1729191482	0	6	6	5
Thu Oct 17 14:58:02 2024	1729191482	0	6	6	6
Thu Oct 17 14:58:02 2024	1729191482	0	5	6	5
Thu Oct 17 14:58:02 2024	1729191482	0	6	6	6
Thu Oct 17 14:58:02 2024	1729191482	0	6	6	5
Thu Oct 17 14:58:02 2024	1729191482	0	5	6	5
Thu Oct 17 14:58:02 2024	1729191482	0	6	6	5
Thu Oct 17 14:58:02 2024	1729191482	0	5	6	5
Thu Oct 17 14:58:02 2024	1729191482	0	5	6	5
Thu Oct 17 14:58:02 2024	1729191482	0	6	6	5
Thu Oct 17 14:58:02 2024	1729191482	0	6	6	6
Thu Oct 17 14:58:02 2024	1729191482	0	6	6	6
Thu Oct 17 14:58:02 2024	1729191482	0	6	6	6
Thu Oct 17 14:58:02 2024	1729191482	0	5	6	5
Thu Oct 17 14:58:02 2024	1729191482	0	5	6	5
Thu Oct 17 14:58:02 2024	1729191482	0	6	6	5
Thu Oct 17 14:58:02 2024	1729191482	0	6	6	5
Thu Oct 17 14:58:02 2024	1729191482	0	6	6	5
Thu Oct 17 14:58:02 2024	1729191482	0	6	6	6
Thu Oct 17 14:58:03 2024	1729191483	0	6	6	6
Thu Oct 17 14:58:02 2024	1729191482	0	6	6	5
Thu Oct 17 14:58:02 2024	1729191482	0	6	6	5
Thu Oct 17 14:58:02 2024	1729191482	1	5	6	4
Thu Oct 17 14:58:02 2024	1729191482	0	6	6	6
Thu Oct 17 14:58:02 2024	1729191482	1	5	6	5
Thu Oct 17 14:58:02 2024	1729191482	0	5	6	5
Thu Oct 17 14:58:02 2024	1729191482	0	6	6	6
Thu Oct 17 14:58:02 2024	1729191482	0	6	6	5
Thu Oct 17 14:58:02 2024	1729191482	0	6	6	6
Thu Oct 17 14:58:03 2024	1729191483	0	6	6	6
Thu Oct 17 14:58:02 2024	1729191482	0	6	6	6
Thu Oct 17 14:58:02 2024	1729191482	0	6	6	6
Thu Oct 17 14:58:02 2024	1729191482	0	6	6	6
Thu Oct 17 14:58:02 2024	1729191482	0	6	6	6
Thu Oct 17 14:58:02 2024	1729191482	0	6	6	6
Thu Oct 17 14:58:02 2024	1729191482	0	6	6	6
Thu Oct 17 14:58:02 2024	1729191482	0	6	6	5
Thu Oct 17 14:58:02 2024	1729191482	0	6	6	5
Thu Oct 17 14:58:02 2024	1729191482	1	5	6	5
Thu Oct 17 14:58:02 2024	1729191482	0	6	6	6
Thu Oct 17 14:58:02 2024	1729191482	0	6	6	6
Thu Oct 17 14:58:02 2024	1729191482	0	6	6	6
Thu Oct 17 14:58:02 2024	1729191482	0	6	6	5
Thu Oct 17 14:58:02 2024	1729191482	1	5	6	5
Thu Oct 17 14:58:02 2024	1729191482	0	6	6	5
Thu Oct 17 14:58:02 2024	1729191482	1	5	6	5
Thu Oct 17 14:58:02 2024	1729191482	1	5	6	5
Thu Oct 17 14:58:02 2024	1729191482	0	6	6	5
Thu Oct 17 14:58:02 2024	1729191482	0	6	6	6
Thu Oct 17 14:58:02 2024	1729191482	0	6	6	6
Thu Oct 17 14:58:02 2024	1729191482	0	6	6	5
Thu Oct 17 14:58:02 2024	1729191482	0	6	6	6
Thu Oct 17 14:58:02 2024	1729191482	0	6	6	5
Thu Oct 17 14:58:02 2024	1729191482	0	6	6	6
Thu Oct 17 14:58:02 2024	1729191482	0	6	6	6
Thu Oct 17 14:58:02 2024	1729191482	0	6	6	6
Thu Oct 17 14:58:02 2024	1729191482	0	6	6	6
Thu Oct 17 14:58:02 2024	1729191482	0	6	6	6
Thu Oct 17 14:58:02 2024	1729191482	0	6	6	6
Thu Oct 17 14:58:02 2024	1729191482	0	6	6	6
Thu Oct 17 14:58:02 2024	1729191482	0	6	6	6
Thu Oct 17 14:58:02 2024	1729191482	0	6	6	6
Thu Oct 17 14:58:02 2024	1729191482	1	6	6	5
Thu Oct 17 14:58:02 2024	1729191482	0	6	6	6
Thu Oct 17 14:58:02 2024	1729191482	0	6	6	6
Thu Oct 17 14:58:02 2024	1729191482	0	6	6	6
Thu Oct 17 14:58:02 2024	1729191482	0	6	6	6
Thu Oct 17 14:58:02 2024	1729191482	0	6	6	6
Thu Oct 17 14:58:02 2024	1729191482	0	6	6	6
Thu Oct 17 14:58:02 2024	1729191482	0	6	6	6
Thu Oct 17 14:58:02 2024	1729191482	0	6	6	6
Thu Oct 17 14:58:02 2024	1729191482	0	6	6	5
Thu Oct 17 14:58:02 2024	1729191482	0	6	6	6
Thu Oct 17 14:58:02 2024	1729191482	0	6	6	5
Thu Oct 17 14:58:02 2024	1729191482	0	6	6	6
Thu Oct 17 14:58:02 2024	1729191482	1	5	6	5
Thu Oct 17 14:58:02 2024	1729191482	0	6	6	6
Thu Oct 17 14:58:02 2024	1729191482	0	6	6	6
Thu Oct 17 14:58:02 2024	1729191482	0	6	6	6
Thu Oct 17 14:58:02 2024	1729191482	0	6	6	6
Thu Oct 17 14:58:02 2024	1729191482	0	6	6	6
Thu Oct 17 14:58:02 2024	1729191482	0	6	6	6
Thu Oct 17 14:58:02 2024	1729191482	0	6	6	6
Thu Oct 17 14:58:02 2024	1729191482	1	6	6	6
Thu Oct 17 14:58:02 2024	1729191482	0	6	6	6
Thu Oct 17 14:58:02 2024	1729191482	0	6	6	6
Thu Oct 17 14:58:02 2024	1729191482	0	6	6	6
Thu Oct 17 14:58:02 2024	1729191482	0	6	6	6
Thu Oct 17 14:58:02 2024	1729191482	0	6	6	6
Thu Oct 17 14:58:02 2024	1729191482	0	6	6	6
Thu Oct 17 14:58:02 2024	1729191482	0	6	6	6
Thu Oct 17 14:58:02 2024	1729191482	0	6	6	6
Thu Oct 17 14:58:02 2024	1729191482	0	6	6	6
Thu Oct 17 14:58:02 2024	1729191482	0	6	6	6
Thu Oct 17 14:58:02 2024	1729191482	0	6	6	6
Thu Oct 17 14:58:02 2024	1729191482	0	6	6	6
Thu Oct 17 14:58:02 2024	1729191482	0	6	6	6
Thu Oct 17 14:58:02 2024	1729191482	1	5	6	4
Thu Oct 17 14:58:02 2024	1729191482	0	6	6	6
Thu Oct 17 14:58:02 2024	1729191482	0	6	6	6
Thu Oct 17 14:58:02 2024	1729191482	0	6	6	6
Thu Oct 17 14:58:02 2024	1729191482	0	6	6	6
Thu Oct 17 14:58:02 2024	1729191482	0	6	6	6
Thu Oct 17 14:58:02 2024	1729191482	0	6	6	6
Thu Oct 17 14:58:02 2024	1729191482	0	6	6	6
Thu Oct 17 14:58:02 2024	1729191482	0	6	6	6
Thu Oct 17 14:58:02 2024	1729191482	1	5	6	5
Thu Oct 17 14:58:02 2024	1729191482	0	6	6	6
Thu Oct 17 14:58:02 2024	1729191482	0	6	6	6
Thu Oct 17 14:58:02 2024	1729191482	0	6	6	6
Thu Oct 17 14:58:02 2024	1729191482	0	6	6	6
Thu Oct 17 14:58:02 2024	1729191482	0	6	6	6
Thu Oct 17 14:58:02 2024	1729191482	0	6	6	6
Thu Oct 17 14:58:02 2024	1729191482	0	6	6	6
Thu Oct 17 14:58:02 2024	1729191482	0	6	6	5
Thu Oct 17 14:58:02 2024	1729191482	0	6	6	6
Thu Oct 17 14:58:02 2024	1729191482	0	6	6	6
Thu Oct 17 14:58:02 2024	1729191482	0	6	6	6
Thu Oct 17 14:58:02 2024	1729191482	0	6	6	6
Thu Oct 17 14:58:02 2024	1729191482	0	6	6	6
Thu Oct 17 14:58:02 2024	1729191482	0	6	6	6
Thu Oct 17 14:58:02 2024	1729191482	0	6	6	6
Thu Oct 17 14:58:02 2024	1729191482	0	6	6	6
Thu Oct 17 14:58:02 2024	1729191482	0	6	6	6
Thu Oct 17 14:58:02 2024	1729191482	0	6	6	6
Thu Oct 17 14:58:02 2024	1729191482	1	6	6	5
Thu Oct 17 14:58:02 2024	1729191482	0	6	6	6
Thu Oct 17 14:58:02 2024	1729191482	0	6	6	6
Thu Oct 17 14:58:02 2024	1729191482	0	6	6	6
Thu Oct 17 14:58:02 2024	1729191482	0	6	6	6
Thu Oct 17 14:58:02 2024	1729191482	0	6	7	6
Thu Oct 17 14:58:02 2024	1729191482	0	6	7	6
Thu Oct 17 14:58:02 2024	1729191482	0	6	7	6
Thu Oct 17 14:58:02 2024	1729191482	0	6	7	6
Thu Oct 17 14:58:02 2024	1729191482	0	6	7	6
Thu Oct 17 14:58:02 2024	1729191482	0	6	7	6
Thu Oct 17 14:58:02 2024	1729191482	0	6	7	6
Thu Oct 17 14:58:02 2024	1729191482	0	6	7	6
Thu Oct 17 14:58:02 2024	1729191482	0	6	7	6
Thu Oct 17 14:58:02 2024	1729191482	1	6	7	6
Thu Oct 17 14:58:02 2024	1729191482	0	6	7	6
Thu Oct 17 14:58:02 2024	1729191482	0	6	7	6
Thu Oct 17 14:58:02 2024	1729191482	0	6	7	6
Thu Oct 17 14:58:02 2024	1729191482	0	6	7	6
Thu Oct 17 14:58:02 2024	1729191482	0	6	7	6
Thu Oct 17 14:58:02 2024	1729191482	0	6	7	6
Thu Oct 17 14:58:02 2024	1729191482	0	6	7	6
Thu Oct 17 14:58:02 2024	1729191482	0	6	7	6
Thu Oct 17 14:58:02 2024	1729191482	0	7	7	6
Thu Oct 17 14:58:02 2024	1729191482	0	6	7	6
Thu Oct 17 14:58:02 2024	1729191482	0	6	7	6
Thu Oct 17 14:58:02 2024	1729191482	0	6	7	6
Thu Oct 17 14:58:02 2024	1729191482	0	6	7	6
Thu Oct 17 14:58:02 2024	1729191482	0	7	7	6
Thu Oct 17 14:58:02 2024	1729191482	0	6	7	5
Thu Oct 17 14:58:02 2024	1729191482	0	6	7	6
Thu Oct 17 14:58:02 2024	1729191482	0	6	7	6
Thu Oct 17 14:58:02 2024	1729191482	0	6	7	6
Thu Oct 17 14:58:02 2024	1729191482	1	6	7	6
Thu Oct 17 14:58:02 2024	1729191482	0	6	7	6
Thu Oct 17 14:58:02 2024	1729191482	1	6	7	6
Thu Oct 17 14:58:02 2024	1729191482	0	7	7	6
Thu Oct 17 14:58:02 2024	1729191482	0	7	7	6
Thu Oct 17 14:58:02 2024	1729191482	0	7	7	6
Thu Oct 17 14:58:02 2024	1729191482	0	7	7	6
Thu Oct 17 14:58:02 2024	1729191482	1	6	7	6
Thu Oct 17 14:58:02 2024	1729191482	0	7	7	6
Thu Oct 17 14:58:02 2024	1729191482	0	7	7	6
Thu Oct 17 14:58:02 2024	1729191482	0	6	7	6
Thu Oct 17 14:58:02 2024	1729191482	0	7	7	6
Thu Oct 17 14:58:02 2024	1729191482	0	6	7	6
Thu Oct 17 14:58:02 2024	1729191482	0	7	7	7
Thu Oct 17 14:58:02 2024	1729191482	0	6	7	6
Thu Oct 17 14:58:02 2024	1729191482	0	6	7	6
Thu Oct 17 14:58:02 2024	1729191482	0	7	7	6
Thu Oct 17 14:58:02 2024	1729191482	0	6	7	6
Thu Oct 17 14:58:02 2024	1729191482	0	6	7	6
Thu Oct 17 14:58:02 2024	1729191482	0	6	7	6
Thu Oct 17 14:58:02 2024	1729191482	1	6	7	6
Thu Oct 17 14:58:02 2024	1729191482	0	7	7	7
Thu Oct 17 14:58:02 2024	1729191482	0	7	7	6
Thu Oct 17 14:58:02 2024	1729191482	0	6	7	6
Thu Oct 17 14:58:02 2024	1729191482	0	7	7	7
Thu Oct 17 14:58:02 2024	1729191482	0	7	7	6
Thu Oct 17 14:58:02 2024	1729191482	0	7	7	6
Thu Oct 17 14:58:02 2024	1729191482	0	7	7	7
Thu Oct 17 14:58:02 2024	1729191482	0	7	7	6
Thu Oct 17 14:58:02 2024	1729191482	0	7	7	7
Thu Oct 17 14:58:02 2024	1729191482	0	7	7	7
Thu Oct 17 14:58:02 2024	1729191482	0	7	7	7
Thu Oct 17 14:58:02 2024	1729191482	0	6	7	6
Thu Oct 17 14:58:02 2024	1729191482	0	7	7	7
Thu Oct 17 14:58:02 2024	1729191482	0	7	7	6
Thu Oct 17 14:58:02 2024	1729191482	0	6	7	6
Thu Oct 17 14:58:02 2024	1729191482	0	7	7	7
Thu Oct 17 14:58:02 2024	1729191482	0	6	7	6
Thu Oct 17 14:58:02 2024	1729191482	0	7	7	7
Thu Oct 17 14:58:02 2024	1729191482	0	7	7	6
Thu Oct 17 14:58:02 2024	1729191482	0	7	7	6
Thu Oct 17 14:58:02 2024	1729191482	1	6	7	6
Thu Oct 17 14:58:02 2024	1729191482	0	7	7	6
Thu Oct 17 14:58:02 2024	1729191482	0	7	7	7
Thu Oct 17 14:58:02 2024	1729191482	0	6	7	6
Thu Oct 17 14:58:02 2024	1729191482	0	6	7	6
Thu Oct 17 14:58:02 2024	1729191482	0	7	7	6
Thu Oct 17 14:58:02 2024	1729191482	0	6	7	6
Thu Oct 17 14:58:02 2024	1729191482	0	7	7	7
Thu Oct 17 14:58:02 2024	1729191482	0	7	7	6
Thu Oct 17 14:58:02 2024	1729191482	0	7	7	7
Thu Oct 17 14:58:02 2024	1729191482	0	7	7	6
Thu Oct 17 14:58:02 2024	1729191482	0	7	7	7
Thu Oct 17 14:58:02 2024	1729191482	0	7	7	7
Thu Oct 17 14:58:02 2024	1729191482	1	6	7	6
Thu Oct 17 14:58:02 2024	1729191482	0	7	7	7
Thu Oct 17 14:58:02 2024	1729191482	0	6	7	6
Thu Oct 17 14:58:02 2024	1729191482	0	7	7	6
Thu Oct 17 14:58:02 2024	1729191482	0	7	7	7
Thu Oct 17 14:58:02 2024	1729191482	0	7	7	7
Thu Oct 17 14:58:02 2024	1729191482	0	7	7	7
Thu Oct 17 14:58:02 2024	1729191482	1	6	7	6
Thu Oct 17 14:58:02 2024	1729191482	0	7	7	7
Thu Oct 17 14:58:02 2024	1729191482	0	7	7	6
Thu Oct 17 14:58:02 2024	1729191482	0	7	7	6
Thu Oct 17 14:58:02 2024	1729191482	0	7	7	7
Thu Oct 17 14:58:02 2024	1729191482	0	7	7	6
Thu Oct 17 14:58:02 2024	1729191482	0	7	7	6
Thu Oct 17 14:58:02 2024	1729191482	0	7	7	7
Thu Oct 17 14:58:02 2024	1729191482	0	7	7	7
Thu Oct 17 14:58:02 2024	1729191482	0	7	7	6
Thu Oct 17 14:58:02 2024	1729191482	0	7	7	7
Thu Oct 17 14:58:02 2024	1729191482	0	7	7	7
Thu Oct 17 14:58:02 2024	1729191482	0	7	7	7
Thu Oct 17 14:58:02 2024	1729191482	0	7	7	6
Thu Oct 17 14:58:02 2024	1729191482	0	7	7	6
Thu Oct 17 14:58:02 2024	1729191482	0	6	7	6
Thu Oct 17 14:58:03 2024	1729191483	0	7	7	7
Thu Oct 17 14:58:02 2024	1729191482	0	7	7	7
Thu Oct 17 14:58:02 2024	1729191482	0	7	7	7
Thu Oct 17 14:58:02 2024	1729191482	0	7	7	7
Thu Oct 17 14:58:02 2024	1729191482	0	7	7	7
Thu Oct 17 14:58:02 2024	1729191482	0	7	7	7
Thu Oct 17 14:58:02 2024	1729191482	0	7	7	7
Thu Oct 17 14:58:02 2024	1729191482	0	7	7	7
Thu Oct 17 14:58:02 2024	1729191482	0	7	7	7
Thu Oct 17 14:58:02 2024	1729191482	0	7	7	6
Thu Oct 17 14:58:02 2024	1729191482	0	7	7	7
Thu Oct 17 14:58:02 2024	1729191482	0	7	7	6
Thu Oct 17 14:58:02 2024	1729191482	0	6	7	6
Thu Oct 17 14:58:02 2024	1729191482	0	7	7	6
Thu Oct 17 14:58:02 2024	1729191482	0	7	7	7
Thu Oct 17 14:58:02 2024	1729191482	0	7	7	7
Thu Oct 17 14:58:02 2024	1729191482	0	7	7	6
Thu Oct 17 14:58:02 2024	1729191482	0	7	7	7
Thu Oct 17 14:58:02 2024	1729191482	0	7	7	7
Thu Oct 17 14:58:02 2024	1729191482	1	6	7	6
Thu Oct 17 14:58:02 2024	1729191482	0	7	7	7
Thu Oct 17 14:58:02 2024	1729191482	0	7	7	7
Thu Oct 17 14:58:02 2024	1729191482	0	7	7	7
Thu Oct 17 14:58:02 2024	1729191482	0	7	7	6
Thu Oct 17 14:58:02 2024	1729191482	0	7	7	7
Thu Oct 17 14:58:02 2024	1729191482	1	7	7	6
Thu Oct 17 14:58:02 2024	1729191482	0	7	7	7
Thu Oct 17 14:58:02 2024	1729191482	1	7	7	6
Thu Oct 17 14:58:02 2024	1729191482	0	7	7	7
Thu Oct 17 14:58:02 2024	1729191482	0	7	7	7
Thu Oct 17 14:58:02 2024	1729191482	0	7	7	7
Thu Oct 17 14:58:02 2024	1729191482	0	7	7	7
Thu Oct 17 14:58:02 2024	1729191482	0	7	7	7
Thu Oct 17 14:58:02 2024	1729191482	0	7	7	6
Thu Oct 17 14:58:02 2024	1729191482	0	7	7	7
Thu Oct 17 14:58:02 2024	1729191482	0	7	7	7
Thu Oct 17 14:58:02 2024	1729191482	0	7	7	7
Thu Oct 17 14:58:02 2024	1729191482	0	7	7	7
Thu Oct 17 14:58:02 2024	1729191482	0	7	7	7
Thu Oct 17 14:58:02 2024	1729191482	0	7	7	6
Thu Oct 17 14:58:02 2024	1729191482	0	7	7	6
Thu Oct 17 14:58:02 2024	1729191482	0	7	7	7
Thu Oct 17 14:58:02 2024	1729191482	0	7	7	7
Thu Oct 17 14:58:02 2024	1729191482	0	7	7	7
Thu Oct 17 14:58:02 2024	1729191482	0	7	7	7
Thu Oct 17 14:58:02 2024	1729191482	0	7	7	7
Thu Oct 17 14:58:02 2024	1729191482	0	7	7	7
Thu Oct 17 14:58:02 2024	1729191482	0	7	7	7
Thu Oct 17 14:58:02 2024	1729191482	0	7	7	7
Thu Oct 17 14:58:02 2024	1729191482	0	7	7	7
Thu Oct 17 14:58:02 2024	1729191482	0	7	7	6
Thu Oct 17 14:58:02 2024	1729191482	0	7	7	7
Thu Oct 17 14:58:02 2024	1729191482	0	7	7	7
Thu Oct 17 14:58:02 2024	1729191482	0	7	7	7
Thu Oct 17 14:58:02 2024	1729191482	0	7	7	7
Thu Oct 17 14:58:02 2024	1729191482	1	7	7	6
Thu Oct 17 14:58:02 2024	1729191482	0	7	7	7
Thu Oct 17 14:58:02 2024	1729191482	0	7	7	7
Thu Oct 17 14:58:02 2024	1729191482	0	7	7	7
Thu Oct 17 14:58:02 2024	1729191482	0	7	7	7
Thu Oct 17 14:58:02 2024	1729191482	0	7	7	7
Thu Oct 17 14:58:02 2024	1729191482	0	7	7	7
Thu Oct 17 14:58:02 2024	1729191482	0	7	7	7
Thu Oct 17 14:58:02 2024	1729191482	0	7	7	7
Thu Oct 17 14:58:02 2024	1729191482	0	7	7	7
Thu Oct 17 14:58:02 2024	1729191482	0	7	7	7
Thu Oct 17 14:58:02 2024	1729191482	0	7	7	7
Thu Oct 17 14:58:02 2024	1729191482	0	7	7	6
Thu Oct 17 14:58:02 2024	1729191482	0	7	7	7
Thu Oct 17 14:58:02 2024	1729191482	0	7	7	7
Thu Oct 17 14:58:02 2024	1729191482	0	7	7	7
Thu Oct 17 14:58:02 2024	1729191482	0	7	7	6
Thu Oct 17 14:58:02 2024	1729191482	0	7	7	7
Thu Oct 17 14:58:02 2024	1729191482	0	7	7	7
Thu Oct 17 14:58:02 2024	1729191482	0	7	7	7
Thu Oct 17 14:58:02 2024	1729191482	0	7	7	7
Thu Oct 17 14:58:02 2024	1729191482	0	7	7	7
Thu Oct 17 14:58:02 2024	1729191482	0	7	7	7
Thu Oct 17 14:58:02 2024	1729191482	0	7	7	7
Thu Oct 17 14:58:02 2024	1729191482	0	7	7	7
Thu Oct 17 14:58:02 2024	1729191482	0	7	7	7
Thu Oct 17 14:58:02 2024	1729191482	0	7	7	7
Thu Oct 17 14:58:02 2024	1729191482	0	7	7	7
Thu Oct 17 14:58:02 2024	1729191482	0	7	7	7
Thu Oct 17 14:58:02 2024	1729191482	0	7	7	7
Thu Oct 17 14:58:02 2024	1729191482	0	7	7	7
Thu Oct 17 14:58:02 2024	1729191482	0	7	7	6
Thu Oct 17 14:58:02 2024	1729191482	0	7	7	7
Thu Oct 17 14:58:02 2024	1729191482	0	7	7	7
Thu Oct 17 14:58:02 2024	1729191482	0	7	7	7
Thu Oct 17 14:58:02 2024	1729191482	0	7	7	7
Thu Oct 17 14:58:02 2024	1729191482	0	7	7	7
Thu Oct 17 14:58:02 2024	1729191482	0	7	7	7
Thu Oct 17 14:58:02 2024	1729191482	0	7	7	7
Thu Oct 17 14:58:02 2024	1729191482	0	7	7	7
Thu Oct 17 14:58:02 2024	1729191482	0	7	7	7
Thu Oct 17 14:58:02 2024	1729191482	0	7	7	7
Thu Oct 17 14:58:02 2024	1729191482	0	7	7	7
Thu Oct 17 14:58:02 2024	1729191482	0	7	7	7
Thu Oct 17 14:58:02 2024	1729191482	0	7	7	7
Thu Oct 17 14:58:02 2024	1729191482	0	7	7	7
Thu Oct 17 14:58:02 2024	1729191482	0	7	7	7
Thu Oct 17 14:58:02 2024	1729191482	1	7	7	7
Thu Oct 17 14:58:02 2024	1729191482	0	7	7	7
Thu Oct 17 14:58:02 2024	1729191482	0	7	7	7
Thu Oct 17 14:58:02 2024	1729191482	0	7	7	7
Thu Oct 17 14:58:02 2024	1729191482	0	7	7	7
Thu Oct 17 14:58:02 2024	1729191482	0	7	7	7
Thu Oct 17 14:58:02 2024	1729191482	0	7	7	7
Thu Oct 17 14:58:02 2024	1729191482	0	7	7	7
Thu Oct 17 14:58:02 2024	1729191482	0	7	7	7
Thu Oct 17 14:58:02 2024	1729191482	0	7	7	7
Thu Oct 17 14:58:02 2024	1729191482	0	7	7	7
Thu Oct 17 14:58:02 2024	1729191482	0	7	7	7
Thu Oct 17 14:58:02 2024	1729191482	1	7	7	5
Thu Oct 17 14:58:02 2024	1729191482	0	7	7	7
Thu Oct 17 14:58:02 2024	1729191482	0	7	7	7
Thu Oct 17 14:58:02 2024	1729191482	0	7	7	7
Thu Oct 17 14:58:02 2024	1729191482	0	7	7	7
Thu Oct 17 14:58:02 2024	1729191482	0	7	7	7
Thu Oct 17 14:58:02 2024	1729191482	0	7	7	7
Thu Oct 17 14:58:02 2024	1729191482	0	7	7	7
Thu Oct 17 14:58:02 2024	1729191482	0	7	7	7
Thu Oct 17 14:58:02 2024	1729191482	0	7	7	7
Thu Oct 17 14:58:02 2024	1729191482	0	7	7	7
Thu Oct 17 14:58:02 2024	1729191482	0	7	7	7
Thu Oct 17 14:58:02 2024	1729191482	0	7	7	7
Thu Oct 17 14:58:02 2024	1729191482	0	7	7	7
Thu Oct 17 14:58:02 2024	1729191482	0	7	7	7
Thu Oct 17 14:58:02 2024	1729191482	0	7	7	7
Thu Oct 17 14:58:02 2024	1729191482	0	7	7	7
Thu Oct 17 14:58:02 2024	1729191482	0	7	7	7
Thu Oct 17 14:58:02 2024	1729191482	0	7	7	7
Thu Oct 17 14:58:02 2024	1729191482	0	7	7	7
Thu Oct 17 14:58:02 2024	1729191482	0	7	7	7
Thu Oct 17 14:58:02 2024	1729191482	0	7	7	7
Thu Oct 17 14:58:02 2024	1729191482	1	7	7	6
Thu Oct 17 14:58:02 2024	1729191482	0	7	8	7
Thu Oct 17 14:58:02 2024	1729191482	0	7	8	7
Thu Oct 17 14:58:02 2024	1729191482	0	7	8	7
Thu Oct 17 14:58:02 2024	1729191482	0	7	8	7
Thu Oct 17 14:58:02 2024	1729191482	0	7	8	7
Thu Oct 17 14:58:02 2024	1729191482	0	7	8	7
Thu Oct 17 14:58:02 2024	1729191482	0	7	8	7
Thu Oct 17 14:58:02 2024	1729191482	0	7	8	7
Thu Oct 17 14:58:02 2024	1729191482	1	7	8	7
Thu Oct 17 14:58:02 2024	1729191482	1	7	8	7
Thu Oct 17 14:58:02 2024	1729191482	0	7	8	7
Thu Oct 17 14:58:02 2024	1729191482	0	7	8	7
Thu Oct 17 14:58:02 2024	1729191482	0	7	8	7
Thu Oct 17 14:58:03 2024	1729191483	0	7	8	7
Thu Oct 17 14:58:02 2024	1729191482	0	7	8	7
Thu Oct 17 14:58:02 2024	1729191482	0	7	8	7
Thu Oct 17 14:58:02 2024	1729191482	0	7	8	7
Thu Oct 17 14:58:02 2024	1729191482	0	8	8	7
Thu Oct 17 14:58:02 2024	1729191482	0	8	8	7
Thu Oct 17 14:58:02 2024	1729191482	0	7	8	7
Thu Oct 17 14:58:02 2024	1729191482	0	7	8	7
Thu Oct 17 14:58:02 2024	1729191482	0	7	8	7
Thu Oct 17 14:58:02 2024	1729191482	0	8	8	7
Thu Oct 17 14:58:02 2024	1729191482	0	8	8	7
Thu Oct 17 14:58:02 2024	1729191482	0	7	8	7
Thu Oct 17 14:58:02 2024	1729191482	0	7	8	7
Thu Oct 17 14:58:02 2024	1729191482	0	7	8	7
Thu Oct 17 14:58:02 2024	1729191482	0	8	8	7
Thu Oct 17 14:58:02 2024	1729191482	0	7	8	7
Thu Oct 17 14:58:03 2024	1729191483	0	7	8	7
Thu Oct 17 14:58:02 2024	1729191482	0	7	8	7
Thu Oct 17 14:58:02 2024	1729191482	0	8	8	7
Thu Oct 17 14:58:02 2024	1729191482	0	7	8	7
Thu Oct 17 14:58:02 2024	1729191482	0	8	8	7
Thu Oct 17 14:58:02 2024	1729191482	0	8	8	7
Thu Oct 17 14:58:02 2024	1729191482	0	8	8	7
Thu Oct 17 14:58:02 2024	1729191482	0	8	8	7
Thu Oct 17 14:58:02 2024	1729191482	0	8	8	7
Thu Oct 17 14:58:02 2024	1729191482	0	7	8	7
Thu Oct 17 14:58:02 2024	1729191482	0	7	8	7
Thu Oct 17 14:58:02 2024	1729191482	0	7	8	7
Thu Oct 17 14:58:02 2024	1729191482	0	8	8	7
Thu Oct 17 14:58:02 2024	1729191482	0	7	8	7
Thu Oct 17 14:58:02 2024	1729191482	0	7	8	7
Thu Oct 17 14:58:02 2024	1729191482	0	8	8	7
Thu Oct 17 14:58:03 2024	1729191483	0	7	8	7
Thu Oct 17 14:58:02 2024	1729191482	0	7	8	7
Thu Oct 17 14:58:02 2024	1729191482	0	8	8	7
Thu Oct 17 14:58:02 2024	1729191482	0	8	8	8
Thu Oct 17 14:58:02 2024	1729191482	0	8	8	8
Thu Oct 17 14:58:03 2024	1729191483	0	7	8	7
Thu Oct 17 14:58:02 2024	1729191482	1	7	8	6
Thu Oct 17 14:58:02 2024	1729191482	0	8	8	8
Thu Oct 17 14:58:02 2024	1729191482	0	7	8	7
Thu Oct 17 14:58:02 2024	1729191482	0	8	8	8
Thu Oct 17 14:58:02 2024	1729191482	0	8	8	7
Thu Oct 17 14:58:02 2024	1729191482	0	8	8	7
Thu Oct 17 14:58:02 2024	1729191482	0	8	8	7
Thu Oct 17 14:58:02 2024	1729191482	0	8	8	7
Thu Oct 17 14:58:02 2024	1729191482	0	8	8	8
Thu Oct 17 14:58:02 2024	1729191482	0	8	8	8
Thu Oct 17 14:58:02 2024	1729191482	0	8	8	7
Thu Oct 17 14:58:02 2024	1729191482	0	8	8	7
Thu Oct 17 14:58:02 2024	1729191482	0	8	8	7
Thu Oct 17 14:58:02 2024	1729191482	0	8	8	7
Thu Oct 17 14:58:02 2024	1729191482	1	7	8	7
Thu Oct 17 14:58:02 2024	1729191482	0	8	8	8
Thu Oct 17 14:58:02 2024	1729191482	0	8	8	7
Thu Oct 17 14:58:02 2024	1729191482	1	7	8	7
Thu Oct 17 14:58:02 2024	1729191482	0	8	8	7
Thu Oct 17 14:58:02 2024	1729191482	0	7	8	7
Thu Oct 17 14:58:02 2024	1729191482	0	8	8	7
Thu Oct 17 14:58:02 2024	1729191482	1	7	8	6
Thu Oct 17 14:58:02 2024	1729191482	0	8	8	7
Thu Oct 17 14:58:02 2024	1729191482	0	8	8	8
Thu Oct 17 14:58:02 2024	1729191482	0	8	8	7
Thu Oct 17 14:58:02 2024	1729191482	0	8	8	7
Thu Oct 17 14:58:02 2024	1729191482	0	8	8	7
Thu Oct 17 14:58:02 2024	1729191482	0	8	8	8
Thu Oct 17 14:58:02 2024	1729191482	0	8	8	8
Thu Oct 17 14:58:02 2024	1729191482	0	8	8	7
Thu Oct 17 14:58:02 2024	1729191482	1	7	8	7
Thu Oct 17 14:58:02 2024	1729191482	0	8	8	8
Thu Oct 17 14:58:02 2024	1729191482	0	8	8	7
Thu Oct 17 14:58:02 2024	1729191482	0	8	8	8
Thu Oct 17 14:58:02 2024	1729191482	0	8	8	7
Thu Oct 17 14:58:02 2024	1729191482	0	8	8	7
Thu Oct 17 14:58:02 2024	1729191482	0	8	8	7
Thu Oct 17 14:58:02 2024	1729191482	0	8	8	8
Thu Oct 17 14:58:02 2024	1729191482	0	8	8	8
Thu Oct 17 14:58:02 2024	1729191482	0	8	8	7
Thu Oct 17 14:58:02 2024	1729191482	0	8	8	8
Thu Oct 17 14:58:02 2024	1729191482	0	8	8	8
Thu Oct 17 14:58:02 2024	1729191482	0	8	8	8
Thu Oct 17 14:58:02 2024	1729191482	0	8	8	8
Thu Oct 17 14:58:02 2024	1729191482	0	8	8	8
Thu Oct 17 14:58:02 2024	1729191482	0	8	8	8
Thu Oct 17 14:58:02 2024	1729191482	0	8	8	8
Thu Oct 17 14:58:02 2024	1729191482	1	7	8	7
Thu Oct 17 14:58:02 2024	1729191482	0	8	8	8
Thu Oct 17 14:58:02 2024	1729191482	0	8	8	7
Thu Oct 17 14:58:02 2024	1729191482	0	8	8	8
Thu Oct 17 14:58:02 2024	1729191482	0	8	8	8
Thu Oct 17 14:58:02 2024	1729191482	1	7	8	7
Thu Oct 17 14:58:02 2024	1729191482	0	8	8	8
Thu Oct 17 14:58:02 2024	1729191482	0	8	8	8
Thu Oct 17 14:58:02 2024	1729191482	0	8	8	8
Thu Oct 17 14:58:02 2024	1729191482	0	8	8	8
Thu Oct 17 14:58:02 2024	1729191482	0	8	8	8
Thu Oct 17 14:58:02 2024	1729191482	0	8	8	8
Thu Oct 17 14:58:02 2024	1729191482	0	8	8	8
Thu Oct 17 14:58:02 2024	1729191482	0	8	8	8
Thu Oct 17 14:58:02 2024	1729191482	0	8	8	8
Thu Oct 17 14:58:02 2024	1729191482	0	8	8	8
Thu Oct 17 14:58:02 2024	1729191482	0	8	8	8
Thu Oct 17 14:58:02 2024	1729191482	0	8	8	8
Thu Oct 17 14:58:02 2024	1729191482	0	8	8	8
Thu Oct 17 14:58:02 2024	1729191482	0	8	8	8
Thu Oct 17 14:58:02 2024	1729191482	0	8	8	8
Thu Oct 17 14:58:02 2024	1729191482	0	8	8	7
Thu Oct 17 14:58:02 2024	1729191482	0	8	8	8
Thu Oct 17 14:58:02 2024	1729191482	0	8	8	7
Thu Oct 17 14:58:02 2024	1729191482	0	8	8	8
Thu Oct 17 14:58:02 2024	1729191482	0	8	8	8
Thu Oct 17 14:58:02 2024	1729191482	0	8	8	8
Thu Oct 17 14:58:02 2024	1729191482	0	8	8	8
Thu Oct 17 14:58:02 2024	1729191482	0	8	8	8
Thu Oct 17 14:58:02 2024	1729191482	0	8	8	7
Thu Oct 17 14:58:02 2024	1729191482	0	8	8	7
Thu Oct 17 14:58:02 2024	1729191482	0	8	8	8
Thu Oct 17 14:58:02 2024	1729191482	0	8	8	7
Thu Oct 17 14:58:02 2024	1729191482	0	8	8	7
Thu Oct 17 14:58:02 2024	1729191482	0	8	8	8
Thu Oct 17 14:58:02 2024	1729191482	0	8	8	8
Thu Oct 17 14:58:02 2024	1729191482	0	8	8	7
Thu Oct 17 14:58:02 2024	1729191482	0	8	8	8
Thu Oct 17 14:58:02 2024	1729191482	0	8	8	8
Thu Oct 17 14:58:02 2024	1729191482	0	8	8	8
Thu Oct 17 14:58:03 2024	1729191483	0	8	8	8
Thu Oct 17 14:58:02 2024	1729191482	0	8	8	7
Thu Oct 17 14:58:02 2024	1729191482	0	8	8	8
Thu Oct 17 14:58:02 2024	1729191482	0	8	8	8
Thu Oct 17 14:58:02 2024	1729191482	0	8	8	8
Thu Oct 17 14:58:02 2024	1729191482	0	8	8	7
Thu Oct 17 14:58:02 2024	1729191482	0	8	8	8
Thu Oct 17 14:58:02 2024	1729191482	0	8	8	8
Thu Oct 17 14:58:02 2024	1729191482	0	8	8	8
Thu Oct 17 14:58:02 2024	1729191482	0	8	8	8
Thu Oct 17 14:58:02 2024	1729191482	0	8	8	8
Thu Oct 17 14:58:02 2024	1729191482	0	8	8	8
Thu Oct 17 14:58:02 2024	1729191482	0	8	8	8
Thu Oct 17 14:58:02 2024	1729191482	0	8	8	8
Thu Oct 17 14:58:02 2024	1729191482	0	8	8	8
Thu Oct 17 14:58:02 2024	1729191482	0	8	8	8
Thu Oct 17 14:58:02 2024	1729191482	0	8	8	8
Thu Oct 17 14:58:02 2024	1729191482	0	8	8	8
Thu Oct 17 14:58:02 2024	1729191482	0	8	8	8
Thu Oct 17 14:58:02 2024	1729191482	0	8	8	8
Thu Oct 17 14:58:02 2024	1729191482	0	8	8	8
Thu Oct 17 14:58:02 2024	1729191482	0	8	8	8
Thu Oct 17 14:58:03 2024	1729191483	0	8	8	8
Thu Oct 17 14:58:02 2024	1729191482	1	7	8	7
Thu Oct 17 14:58:02 2024	1729191482	0	8	8	8
Thu Oct 17 14:58:02 2024	1729191482	0	8	8	8
Thu Oct 17 14:58:02 2024	1729191482	0	8	8	7
Thu Oct 17 14:58:02 2024	1729191482	0	8	8	8
Thu Oct 17 14:58:02 2024	1729191482	0	8	8	8
Thu Oct 17 14:58:02 2024	1729191482	0	8	8	8
Thu Oct 17 14:58:02 2024	1729191482	0	8	8	8
Thu Oct 17 14:58:02 2024	1729191482	0	8	8	8
Thu Oct 17 14:58:02 2024	1729191482	0	8	8	8
Thu Oct 17 14:58:02 2024	1729191482	0	8	8	8
Thu Oct 17 14:58:02 2024	1729191482	0	8	8	8
Thu Oct 17 14:58:02 2024	1729191482	0	8	8	8
Thu Oct 17 14:58:02 2024	1729191482	0	8	8	8
Thu Oct 17 14:58:02 2024	1729191482	0	8	8	8
Thu Oct 17 14:58:02 2024	1729191482	0	8	8	8
Thu Oct 17 14:58:02 2024	1729191482	0	8	8	8
Thu Oct 17 14:58:02 2024	1729191482	0	8	8	8
Thu Oct 17 14:58:02 2024	1729191482	0	8	8	8
Thu Oct 17 14:58:02 2024	1729191482	0	8	8	8
Thu Oct 17 14:58:02 2024	1729191482	0	8	8	8
Thu Oct 17 14:58:02 2024	1729191482	0	8	8	8
Thu Oct 17 14:58:02 2024	1729191482	0	8	8	8
Thu Oct 17 14:58:02 2024	1729191482	0	8	8	8
Thu Oct 17 14:58:02 2024	1729191482	0	8	8	8
Thu Oct 17 14:58:02 2024	1729191482	0	8	8	8
Thu Oct 17 14:58:02 2024	1729191482	0	8	8	8
Thu Oct 17 14:58:02 2024	1729191482	0	8	8	8
Thu Oct 17 14:58:02 2024	1729191482	0	8	8	8
Thu Oct 17 14:58:02 2024	1729191482	0	8	8	8
Thu Oct 17 14:58:02 2024	1729191482	0	8	8	8
Thu Oct 17 14:58:02 2024	1729191482	0	8	8	8
Thu Oct 17 14:58:02 2024	1729191482	0	8	8	8
Thu Oct 17 14:58:02 2024	1729191482	0	8	8	8
Thu Oct 17 14:58:02 2024	1729191482	0	8	8	8
Thu Oct 17 14:58:02 2024	1729191482	0	8	8	8
Thu Oct 17 14:58:02 2024	1729191482	0	8	8	8
Thu Oct 17 14:58:02 2024	1729191482	0	8	8	8
Thu Oct 17 14:58:02 2024	1729191482	0	8	8	8
Thu Oct 17 14:58:02 2024	1729191482	0	8	8	8
Thu Oct 17 14:58:02 2024	1729191482	0	8	8	8
Thu Oct 17 14:58:02 2024	1729191482	0	8	8	8
Thu Oct 17 14:58:02 2024	1729191482	0	8	8	8
Thu Oct 17 14:58:02 2024	1729191482	0	8	8	8
Thu Oct 17 14:58:02 2024	1729191482	0	8	8	8
Thu Oct 17 14:58:02 2024	1729191482	0	8	8	8
Thu Oct 17 14:58:02 2024	1729191482	0	8	8	8
Thu Oct 17 14:58:02 2024	1729191482	0	8	8	8
Thu Oct 17 14:58:02 2024	1729191482	0	8	8	8
Thu Oct 17 14:58:02 2024	1729191482	0	8	8	8
Thu Oct 17 14:58:02 2024	1729191482	0	8	8	8
Thu Oct 17 14:58:02 2024	1729191482	0	8	8	8
Thu Oct 17 14:58:02 2024	1729191482	0	8	8	8
Thu Oct 17 14:58:02 2024	1729191482	0	8	8	8
Thu Oct 17 14:58:02 2024	1729191482	0	8	8	8
Thu Oct 17 14:58:02 2024	1729191482	0	8	8	8
Thu Oct 17 14:58:02 2024	1729191482	0	8	8	8
Thu Oct 17 14:58:02 2024	1729191482	0	8	8	8
Thu Oct 17 14:58:02 2024	1729191482	0	8	8	8
Thu Oct 17 14:58:02 2024	1729191482	0	8	8	8
Thu Oct 17 14:58:02 2024	1729191482	0	8	9	8
Thu Oct 17 14:58:02 2024	1729191482	0	8	9	8
Thu Oct 17 14:58:02 2024	1729191482	0	8	9	8
Thu Oct 17 14:58:02 2024	1729191482	0	8	9	8
Thu Oct 17 14:58:02 2024	1729191482	0	8	9	8
Thu Oct 17 14:58:02 2024	1729191482	0	8	9	8
Thu Oct 17 14:58:02 2024	1729191482	0	8	9	8
Thu Oct 17 14:58:02 2024	1729191482	0	8	9	8
Thu Oct 17 14:58:02 2024	1729191482	0	8	9	8
Thu Oct 17 14:58:02 2024	1729191482	0	8	9	8
Thu Oct 17 14:58:02 2024	1729191482	0	8	9	8
Thu Oct 17 14:58:02 2024	1729191482	0	8	9	8
Thu Oct 17 14:58:02 2024	1729191482	0	8	9	8
Thu Oct 17 14:58:02 2024	1729191482	0	8	9	8
Thu Oct 17 14:58:02 2024	1729191482	0	8	9	7
Thu Oct 17 14:58:02 2024	1729191482	0	8	9	8
Thu Oct 17 14:58:02 2024	1729191482	0	8	9	8
Thu Oct 17 14:58:02 2024	1729191482	0	9	9	8
Thu Oct 17 14:58:02 2024	1729191482	0	8	9	8
Thu Oct 17 14:58:02 2024	1729191482	0	8	9	8
Thu Oct 17 14:58:02 2024	1729191482	0	9	9	8
Thu Oct 17 14:58:02 2024	1729191482	0	8	9	8
Thu Oct 17 14:58:02 2024	1729191482	0	8	9	8
Thu Oct 17 14:58:02 2024	1729191482	0	8	9	8
Thu Oct 17 14:58:02 2024	1729191482	0	9	9	8
Thu Oct 17 14:58:02 2024	1729191482	0	8	9	8
Thu Oct 17 14:58:02 2024	1729191482	0	9	9	8
Thu Oct 17 14:58:02 2024	1729191482	0	9	9	9
Thu Oct 17 14:58:02 2024	1729191482	1	8	9	8
Thu Oct 17 14:58:02 2024	1729191482	0	8	9	8
Thu Oct 17 14:58:02 2024	1729191482	0	9	9	8
Thu Oct 17 14:58:02 2024	1729191482	0	9	9	8
Thu Oct 17 14:58:02 2024	1729191482	0	8	9	8
Thu Oct 17 14:58:02 2024	1729191482	0	9	9	8
Thu Oct 17 14:58:02 2024	1729191482	0	8	9	8
Thu Oct 17 14:58:02 2024	1729191482	0	8	9	8
Thu Oct 17 14:58:02 2024	1729191482	0	9	9	9
Thu Oct 17 14:58:02 2024	1729191482	0	9	9	8
Thu Oct 17 14:58:02 2024	1729191482	0	8	9	8
Thu Oct 17 14:58:02 2024	1729191482	0	8	9	8
Thu Oct 17 14:58:02 2024	1729191482	0	8	9	8
Thu Oct 17 14:58:02 2024	1729191482	0	8	9	8
Thu Oct 17 14:58:02 2024	1729191482	0	9	9	9
Thu Oct 17 14:58:02 2024	1729191482	0	8	9	8
Thu Oct 17 14:58:02 2024	1729191482	0	8	9	8
Thu Oct 17 14:58:02 2024	1729191482	0	8	9	8
Thu Oct 17 14:58:02 2024	1729191482	0	8	9	8
Thu Oct 17 14:58:02 2024	1729191482	0	8	9	8
Thu Oct 17 14:58:02 2024	1729191482	0	9	9	8
Thu Oct 17 14:58:02 2024	1729191482	0	9	9	9
Thu Oct 17 14:58:02 2024	1729191482	0	9	9	8
Thu Oct 17 14:58:02 2024	1729191482	0	9	9	9
Thu Oct 17 14:58:02 2024	1729191482	0	9	9	8
Thu Oct 17 14:58:02 2024	1729191482	0	9	9	8
Thu Oct 17 14:58:02 2024	1729191482	0	9	9	8
Thu Oct 17 14:58:02 2024	1729191482	0	9	9	8
Thu Oct 17 14:58:02 2024	1729191482	0	9	9	8
Thu Oct 17 14:58:02 2024	1729191482	0	9	9	9
Thu Oct 17 14:58:02 2024	1729191482	0	9	9	9
Thu Oct 17 14:58:02 2024	1729191482	0	9	9	8
Thu Oct 17 14:58:02 2024	1729191482	0	9	9	8
Thu Oct 17 14:58:02 2024	1729191482	0	9	9	8
Thu Oct 17 14:58:02 2024	1729191482	0	9	9	9
Thu Oct 17 14:58:02 2024	1729191482	0	9	9	9
Thu Oct 17 14:58:02 2024	1729191482	0	8	9	8
Thu Oct 17 14:58:02 2024	1729191482	0	9	9	8
Thu Oct 17 14:58:02 2024	1729191482	0	9	9	8
Thu Oct 17 14:58:02 2024	1729191482	0	8	9	8
Thu Oct 17 14:58:02 2024	1729191482	0	9	9	9
Thu Oct 17 14:58:02 2024	1729191482	0	9	9	9
Thu Oct 17 14:58:02 2024	1729191482	0	9	9	8
Thu Oct 17 14:58:02 2024	1729191482	0	8	9	8
Thu Oct 17 14:58:02 2024	1729191482	0	8	9	8
Thu Oct 17 14:58:02 2024	1729191482	0	9	9	8
Thu Oct 17 14:58:02 2024	1729191482	0	9	9	8
Thu Oct 17 14:58:02 2024	1729191482	0	9	9	8
Thu Oct 17 14:58:02 2024	1729191482	0	9	9	8
Thu Oct 17 14:58:02 2024	1729191482	0	9	9	8
Thu Oct 17 14:58:02 2024	1729191482	0	8	9	8
Thu Oct 17 14:58:02 2024	1729191482	0	9	9	9
Thu Oct 17 14:58:02 2024	1729191482	0	9	9	8
Thu Oct 17 14:58:02 2024	1729191482	0	9	9	8
Thu Oct 17 14:58:02 2024	1729191482	0	9	9	9
Thu Oct 17 14:58:02 2024	1729191482	0	9	9	9
Thu Oct 17 14:58:02 2024	1729191482	0	9	9	9
Thu Oct 17 14:58:02 2024	1729191482	0	9	9	9
Thu Oct 17 14:58:02 2024	1729191482	0	9	9	8
Thu Oct 17 14:58:02 2024	1729191482	0	9	9	9
Thu Oct 17 14:58:02 2024	1729191482	0	9	9	9
Thu Oct 17 14:58:02 2024	1729191482	0	9	9	8
Thu Oct 17 14:58:02 2024	1729191482	0	9	9	9
Thu Oct 17 14:58:02 2024	1729191482	0	9	9	9
Thu Oct 17 14:58:02 2024	1729191482	0	9	9	9
Thu Oct 17 14:58:02 2024	1729191482	0	9	9	9
Thu Oct 17 14:58:02 2024	1729191482	1	8	9	8
Thu Oct 17 14:58:02 2024	1729191482	0	9	9	9
Thu Oct 17 14:58:02 2024	1729191482	0	9	9	9
Thu Oct 17 14:58:02 2024	1729191482	0	9	9	9
Thu Oct 17 14:58:02 2024	1729191482	0	9	9	9
Thu Oct 17 14:58:02 2024	1729191482	0	9	9	9
Thu Oct 17 14:58:02 2024	1729191482	0	9	9	9
Thu Oct 17 14:58:02 2024	1729191482	0	9	9	8
Thu Oct 17 14:58:02 2024	1729191482	0	9	9	9
Thu Oct 17 14:58:02 2024	1729191482	0	9	9	8
Thu Oct 17 14:58:02 2024	1729191482	0	9	9	9
Thu Oct 17 14:58:02 2024	1729191482	0	9	9	9
Thu Oct 17 14:58:02 2024	1729191482	0	9	9	9
Thu Oct 17 14:58:02 2024	1729191482	0	9	9	9
Thu Oct 17 14:58:02 2024	1729191482	0	9	9	9
Thu Oct 17 14:58:02 2024	1729191482	0	9	9	9
Thu Oct 17 14:58:02 2024	1729191482	0	9	9	9
Thu Oct 17 14:58:02 2024	1729191482	0	9	9	9
Thu Oct 17 14:58:02 2024	1729191482	0	9	9	9
Thu Oct 17 14:58:02 2024	1729191482	0	9	9	9
Thu Oct 17 14:58:02 2024	1729191482	0	9	9	9
Thu Oct 17 14:58:02 2024	1729191482	0	9	9	8
Thu Oct 17 14:58:02 2024	1729191482	0	9	9	9
Thu Oct 17 14:58:02 2024	1729191482	0	9	9	9
Thu Oct 17 14:58:02 2024	1729191482	0	9	9	9
Thu Oct 17 14:58:02 2024	1729191482	0	9	9	9
Thu Oct 17 14:58:02 2024	1729191482	0	9	9	9
Thu Oct 17 14:58:02 2024	1729191482	0	9	9	9
Thu Oct 17 14:58:02 2024	1729191482	0	9	9	9
Thu Oct 17 14:58:02 2024	1729191482	0	9	9	9
Thu Oct 17 14:58:03 2024	1729191483	0	9	9	9
Thu Oct 17 14:58:02 2024	1729191482	0	9	9	9
Thu Oct 17 14:58:02 2024	1729191482	0	9	9	9
Thu Oct 17 14:58:02 2024	1729191482	0	9	9	9
Thu Oct 17 14:58:02 2024	1729191482	0	9	9	9
Thu Oct 17 14:58:02 2024	1729191482	0	9	9	9
Thu Oct 17 14:58:02 2024	1729191482	0	9	9	8
Thu Oct 17 14:58:02 2024	1729191482	0	9	9	9
Thu Oct 17 14:58:02 2024	1729191482	0	9	9	8
Thu Oct 17 14:58:02 2024	1729191482	0	9	9	9
Thu Oct 17 14:58:02 2024	1729191482	0	9	9	9
Thu Oct 17 14:58:02 2024	1729191482	0	9	9	9
Thu Oct 17 14:58:02 2024	1729191482	0	9	9	9
Thu Oct 17 14:58:02 2024	1729191482	1	9	9	8
Thu Oct 17 14:58:02 2024	1729191482	0	9	9	9
Thu Oct 17 14:58:02 2024	1729191482	0	9	9	9
Thu Oct 17 14:58:02 2024	1729191482	0	9	9	9
Thu Oct 17 14:58:02 2024	1729191482	1	9	9	9
Thu Oct 17 14:58:02 2024	1729191482	0	9	9	9
Thu Oct 17 14:58:02 2024	1729191482	0	9	9	9
Thu Oct 17 14:58:02 2024	1729191482	0	9	9	9
Thu Oct 17 14:58:02 2024	1729191482	0	9	9	9
Thu Oct 17 14:58:02 2024	1729191482	0	9	9	9
Thu Oct 17 14:58:02 2024	1729191482	0	9	9	9
Thu Oct 17 14:58:02 2024	1729191482	0	9	9	9
Thu Oct 17 14:58:02 2024	1729191482	0	9	9	9
Thu Oct 17 14:58:02 2024	1729191482	0	9	10	9
Thu Oct 17 14:58:02 2024	1729191482	0	9	10	9
Thu Oct 17 14:58:02 2024	1729191482	0	9	10	9
Thu Oct 17 14:58:02 2024	1729191482	0	9	10	9
Thu Oct 17 14:58:02 2024	1729191482	0	9	10	9
Thu Oct 17 14:58:02 2024	1729191482	0	9	10	9
Thu Oct 17 14:58:02 2024	1729191482	0	9	10	9
Thu Oct 17 14:58:02 2024	1729191482	0	10	10	9
Thu Oct 17 14:58:02 2024	1729191482	0	10	10	9
Thu Oct 17 14:58:02 2024	1729191482	0	10	10	9
Thu Oct 17 14:58:02 2024	1729191482	0	9	10	9
Thu Oct 17 14:58:02 2024	1729191482	0	9	10	9
Thu Oct 17 14:58:02 2024	1729191482	0	10	10	9
Thu Oct 17 14:58:02 2024	1729191482	0	10	10	10
Thu Oct 17 14:58:02 2024	1729191482	0	10	10	10
Thu Oct 17 14:58:02 2024	1729191482	0	10	10	10
Thu Oct 17 14:58:02 2024	1729191482	0	10	10	9
Thu Oct 17 14:58:02 2024	1729191482	0	10	10	9
Thu Oct 17 14:58:02 2024	1729191482	0	10	10	10
Thu Oct 17 14:58:02 2024	1729191482	0	10	10	10
Thu Oct 17 14:58:02 2024	1729191482	0	9	10	9
Thu Oct 17 14:58:02 2024	1729191482	0	10	10	10
Thu Oct 17 14:58:02 2024	1729191482	0	10	10	10
Thu Oct 17 14:58:02 2024	1729191482	0	10	10	10
Thu Oct 17 14:58:02 2024	1729191482	0	10	10	10
Thu Oct 17 14:58:02 2024	1729191482	0	10	10	9
Thu Oct 17 14:58:02 2024	1729191482	0	10	10	10
Thu Oct 17 14:58:02 2024	1729191482	0	10	10	9
Thu Oct 17 14:58:02 2024	1729191482	0	10	10	10
Thu Oct 17 14:58:02 2024	1729191482	0	10	10	10
Thu Oct 17 14:58:02 2024	1729191482	0	10	10	10
Thu Oct 17 14:58:02 2024	1729191482	0	10	10	10
Thu Oct 17 14:58:02 2024	1729191482	0	10	10	10
Thu Oct 17 14:58:02 2024	1729191482	0	10	10	10
Thu Oct 17 14:58:02 2024	1729191482	0	10	10	10
Thu Oct 17 14:58:02 2024	1729191482	0	10	10	10
Thu Oct 17 14:58:02 2024	1729191482	0	10	10	10
Thu Oct 17 14:58:02 2024	1729191482	0	10	10	10
Thu Oct 17 14:58:02 2024	1729191482	0	10	10	10
Thu Oct 17 14:58:02 2024	1729191482	0	10	10	10
Thu Oct 17 14:58:02 2024	1729191482	0	10	10	10
Thu Oct 17 14:58:02 2024	1729191482	0	10	10	10
Thu Oct 17 14:58:02 2024	1729191482	0	10	10	10
Thu Oct 17 14:58:02 2024	1729191482	0	10	10	10
Thu Oct 17 14:58:02 2024	1729191482	0	10	10	10
Thu Oct 17 14:58:02 2024	1729191482	0	10	10	10
Thu Oct 17 14:58:02 2024	1729191482	0	10	10	10
Thu Oct 17 14:58:02 2024	1729191482	0	10	10	10
Thu Oct 17 14:58:02 2024	1729191482	0	10	10	10
Thu Oct 17 14:58:02 2024	1729191482	0	10	10	10
Thu Oct 17 14:58:02 2024	1729191482	0	10	10	10
Thu Oct 17 14:58:02 2024	1729191482	0	10	10	10
Thu Oct 17 14:58:02 2024	1729191482	0	10	10	10
Thu Oct 17 14:58:02 2024	1729191482	0	10	10	10
Thu Oct 17 14:58:02 2024	1729191482	0	10	10	10
Thu Oct 17 14:58:02 2024	1729191482	0	10	10	10
Thu Oct 17 14:58:02 2024	1729191482	0	10	10	10
Thu Oct 17 14:58:02 2024	1729191482	0	10	10	10
Thu Oct 17 14:58:02 2024	1729191482	0	10	10	10
Thu Oct 17 14:58:02 2024	1729191482	0	10	10	10
Thu Oct 17 14:58:02 2024	1729191482	0	10	11	10
Thu Oct 17 14:58:02 2024	1729191482	0	10	11	10
Thu Oct 17 14:58:02 2024	1729191482	0	10	11	10
Thu Oct 17 14:58:02 2024	1729191482	0	10	11	10
Thu Oct 17 14:58:02 2024	1729191482	0	11	11	10
Thu Oct 17 14:58:02 2024	1729191482	0	11	11	10
Thu Oct 17 14:58:02 2024	1729191482	0	11	11	10
Thu Oct 17 14:58:02 2024	1729191482	0	10	11	10
Thu Oct 17 14:58:02 2024	1729191482	0	11	11	10
Thu Oct 17 14:58:02 2024	1729191482	0	11	11	10
Thu Oct 17 14:58:02 2024	1729191482	0	10	11	10
Thu Oct 17 14:58:02 2024	1729191482	0	11	11	10
Thu Oct 17 14:58:02 2024	1729191482	0	11	11	11
Thu Oct 17 14:58:02 2024	1729191482	0	11	11	11
Thu Oct 17 14:58:02 2024	1729191482	0	11	11	11
Thu Oct 17 14:58:02 2024	1729191482	0	11	11	11
Thu Oct 17 14:58:02 2024	1729191482	0	11	11	11
Thu Oct 17 14:58:02 2024	1729191482	0	11	11	10
Thu Oct 17 14:58:02 2024	1729191482	0	11	11	11
Thu Oct 17 14:58:02 2024	1729191482	0	11	11	11
Thu Oct 17 14:58:02 2024	1729191482	0	11	11	11
Thu Oct 17 14:58:02 2024	1729191482	1	11	11	10
Thu Oct 17 14:58:02 2024	1729191482	0	11	11	11
Thu Oct 17 14:58:02 2024	1729191482	0	11	11	11
Thu Oct 17 14:58:02 2024	1729191482	0	11	11	11
Thu Oct 17 14:58:02 2024	1729191482	0	11	11	11
Thu Oct 17 14:58:02 2024	1729191482	0	11	11	11
Thu Oct 17 14:58:02 2024	1729191482	0	11	11	10
Thu Oct 17 14:58:02 2024	1729191482	0	11	11	11
Thu Oct 17 14:58:02 2024	1729191482	0	11	11	9
Thu Oct 17 14:58:02 2024	1729191482	0	11	11	11
Thu Oct 17 14:58:02 2024	1729191482	0	11	11	11
Thu Oct 17 14:58:02 2024	1729191482	0	11	11	11
Thu Oct 17 14:58:02 2024	1729191482	0	11	11	11
Thu Oct 17 14:58:02 2024	1729191482	0	11	11	11
Thu Oct 17 14:58:02 2024	1729191482	0	11	11	11
Thu Oct 17 14:58:02 2024	1729191482	0	11	12	11
Thu Oct 17 14:58:02 2024	1729191482	0	11	12	11
Thu Oct 17 14:58:02 2024	1729191482	0	11	12	11
Thu Oct 17 14:58:02 2024	1729191482	0	11	12	11
Thu Oct 17 14:58:02 2024	1729191482	0	12	12	12
Thu Oct 17 14:58:02 2024	1729191482	0	12	12	11
Thu Oct 17 14:58:02 2024	1729191482	0	12	12	12
Thu Oct 17 14:58:02 2024	1729191482	0	12	12	12
Thu Oct 17 14:58:02 2024	1729191482	0	12	12	12
Thu Oct 17 14:58:02 2024	1729191482	0	12	12	12
Thu Oct 17 14:58:02 2024	1729191482	0	12	12	12
Thu Oct 17 14:58:02 2024	1729191482	0	12	12	12
Thu Oct 17 14:58:02 2024	1729191482	0	12	12	9
Thu Oct 17 14:58:02 2024	1729191482	0	12	12	12
Thu Oct 17 14:58:02 2024	1729191482	0	12	12	12
Thu Oct 17 14:58:02 2024	1729191482	0	12	12	12
Thu Oct 17 14:58:02 2024	1729191482	0	12	12	10
Thu Oct 17 14:58:02 2024	1729191482	0	12	13	12
Thu Oct 17 14:58:02 2024	1729191482	0	12	13	12
Thu Oct 17 14:58:02 2024	1729191482	0	13	13	13
Thu Oct 17 14:58:02 2024	1729191482	0	13	13	13
Thu Oct 17 14:58:02 2024	1729191482	0	13	13	13
Thu Oct 17 14:58:02 2024	1729191482	0	13	13	13
Thu Oct 17 14:58:02 2024	1729191482	0	13	13	13
Thu Oct 17 14:58:02 2024	1729191482	1	13	13	13
Thu Oct 17 14:58:02 2024	1729191482	0	13	13	13
Thu Oct 17 14:58:02 2024	1729191482	0	13	13	13
Thu Oct 17 14:58:02 2024	1729191482	0	13	13	13
Thu Oct 17 14:58:02 2024	1729191482	0	13	14	13
Thu Oct 17 14:58:02 2024	1729191482	0	14	14	13
Thu Oct 17 14:58:02 2024	1729191482	0	13	14	13
Thu Oct 17 14:58:02 2024	1729191482	0	14	14	13
Thu Oct 17 14:58:02 2024	1729191482	0	14	14	14
Thu Oct 17 14:58:02 2024	1729191482	0	14	14	14
Thu Oct 17 14:58:02 2024	1729191482	0	14	14	14
Thu Oct 17 14:58:02 2024	1729191482	0	15	15	15
Thu Oct 17 14:58:02 2024	1729191482	0	15	15	15
Thu Oct 17 14:58:02 2024	1729191482	0	16	16	16
Thu Oct 17 14:58:02 2024	1729191482	0	17	17	16
